AndyW,TheMatrix
LanaW,TheMatrix
AndyW,TheMatrixReloaded
LanaW,TheMatrixReloaded
AndyW,TheMatrixRevolutions
LanaW,TheMatrixRevolutions
Taylor,TheDevilsAdvocate
RobR,AFewGoodMen
TonyS,TopGun
CameronC,JerryMaguire
RobR,StandByMe
JamesB,AsGoodAsItGets
VincentW,WhatDreamsMayCome
ScottH,SnowFallingonCedars
NoraE,YouveGotMail
NoraE,SleeplessInSeattle
JohnS,JoeVersustheVolcano
RobR,WhenHarryMetSally
TomH,ThatThingYouDo
Howard,TheReplacements
WernerH,RescueDawn
MikeN,TheBirdcage
ClintE,Unforgiven
RobertL,JohnnyMnemonic
TomT,CloudAtlas
AndyW,CloudAtlas
LanaW,CloudAtlas
RonH,TheDaVinciCode
JamesM,VforVendetta
AndyW,SpeedRacer
LanaW,SpeedRacer
JamesM,NinjaAssassin
FrankD,TheGreenMile
RonH,FrostNixon
DannyD,Hoffa
RonH,Apollo13
JanB,Twister
RobertZ,CastAway
MilosF,OneFlewOvertheCuckoosNest
NancyM,SomethingsGottaGive
ChrisC,BicentennialMan
MikeN,CharlieWilsonsWar
RobertZ,ThePolarExpress
PennyM,ALeagueofTheirOwn